{
    "themeColors": [
        {
            "description": "colour1",
            "colorCode": "#abc3c4",
            "id": 347,
            "orderingIndex": 0
        },
        {
            "description": "colour2",
            "colorCode": "#cdc69d",
            "id": 348,
            "orderingIndex": 1
        },
        {
            "description": "colour3",
            "colorCode": "#8da6bf",
            "id": 349,
            "orderingIndex": 2
        },
        {
            "description": "colour4",
            "colorCode": "#c99797",
            "id": 350,
            "orderingIndex": 3
        },
        {
            "description": "colour5",
            "colorCode": "#a4c1ad",
            "id": 351,
            "orderingIndex": 4
        },
        {
            "description": "colour6",
            "colorCode": "#92b4bf",
            "id": 352,
            "orderingIndex": 5
        },
        {
            "description": "colour7",
            "colorCode": "#b9c4a1",
            "id": 353,
            "orderingIndex": 6
        },
        {
            "description": "colour8",
            "colorCode": "#d1b7a8",
            "id": 354,
            "orderingIndex": 7
        },
        {
            "description": "colour9",
            "colorCode": "#c5bc8c",
            "id": 355,
            "orderingIndex": 8
        },
        {
            "description": "colour10",
            "colorCode": "#b59798",
            "id": 356,
            "orderingIndex": 9
        },
        {
            "description": "colour11",
            "colorCode": "#bf7d7d",
            "id": 357,
            "orderingIndex": 10
        },
        {
            "description": "colour12",
            "colorCode": "#84b3c8",
            "id": 358,
            "orderingIndex": 11
        },
        {
            "description": "colour13",
            "colorCode": "#b17272",
            "id": 359,
            "orderingIndex": 12
        },
        {
            "description": "colour14",
            "colorCode": "#d0cab9",
            "id": 360,
            "orderingIndex": 13
        },
        {
            "description": "colour15",
            "colorCode": "#8b99ac",
            "id": 361,
            "orderingIndex": 14
        },
        {
            "description": "colour16",
            "colorCode": "#c59c9b",
            "id": 362,
            "orderingIndex": 15
        }
    ],
    "themeConfig": {
        "dashboardLogo": null,
        "loginScreenBackgroundImage": null,
        "loginScreenLogo": null,
        "alwaysShowLogo": false,
        "chartGridLineColor": null,
        "chartLightBulbBorderDisplay": true,
        "turnOffTooltips": false,
        "pdfLogo": null
    }
}