{
    "customFontUrls": [
        {
            "orderingIndex": 0,
            "url": "https://fonts.googleapis.com/css2?family=Red+Hat+Text&display=swap"
        },
        {
            "orderingIndex": 1,
            "url": "https://fonts.googleapis.com/css2?family=Red+Hat+Display&display=swap"
        }
    ],
    "themeConfig": {
        "dashboardLogo": "PinkPicon.png",
        "loginScreenBackgroundImage": "piLogin-01.png",
        "loginScreenLogo": "letsplaywithpi.png",
        "alwaysShowLogo": true,
        "chartGridLineColor": null,
        "chartLightBulbBorderDisplay": true,
        "turnOffTooltips": false,
        "pdfLogo": "PinkPicon.png",
        "loadingIcon": null
    },
    "themeColors": [
        {
            "description": "E03974",
            "colorCode": "#e03974",
            "id": 630363460,
            "orderingIndex": 0
        },
        {
            "description": "E86A97",
            "colorCode": "#e86a97",
            "id": 258649450,
            "orderingIndex": 1
        },
        {
            "description": "A4427C",
            "colorCode": "#a4427c",
            "id": 732280414,
            "orderingIndex": 2
        },
        {
            "description": "AAAFB2",
            "colorCode": "#aaafb2",
            "id": 976994873,
            "orderingIndex": 3
        },
        {
            "description": "818080",
            "colorCode": "#818080",
            "id": 988333551,
            "orderingIndex": 4
        },
        {
            "description": "D3D5D8",
            "colorCode": "#d3d5d8",
            "id": 928756022,
            "orderingIndex": 5
        },
        {
            "description": "BCBFC4",
            "colorCode": "#bcbfc4",
            "id": 239121291,
            "orderingIndex": 6
        },
        {
            "description": "90959D",
            "colorCode": "#90959d",
            "id": 660647818,
            "orderingIndex": 7
        },
        {
            "description": "D80751",
            "colorCode": "#d80751",
            "id": 691618817,
            "orderingIndex": 8
        }
    ]
}